{"cameraMode":{"drawMode":0,"name":"Shaded","section":"Shading Mode"},"sceneLighting":true,"audioPlay":false,"sceneViewState":{"showFog":true,"showMaterialUpdate":false,"showSkybox":true,"showFlares":true,"showImageEffects":true,"showParticleSystems":true},"in2DMode":false,"pivot":{"x":-4.623533248901367,"y":-8.17393970489502,"z":7.552341461181641},"rotation":{"x":0.36064955592155459,"y":-0.09073374420404434,"z":0.03527640923857689,"w":0.9276084899902344},"size":6.942657470703125,"orthographic":false}