{"cameraMode":{"drawMode":0,"name":"Shaded","section":"Shading Mode"},"sceneLighting":true,"audioPlay":false,"sceneViewState":{"showFog":true,"showMaterialUpdate":false,"showSkybox":true,"showFlares":true,"showImageEffects":true,"showParticleSystems":true},"in2DMode":false,"pivot":{"x":-1.7144412994384766,"y":2.038810968399048,"z":1.738548994064331},"rotation":{"x":-0.10214655846357346,"y":-0.8495861887931824,"z":0.17869240045547486,"w":-0.4856392443180084},"size":0.8660253882408142,"orthographic":false}